DR,Date_Rept,Monthstamp,Yearstamp,Block
1607426,5/12/2016,5,2016,100 Blk ESPLANADE
1607516,5/13/2016,5,2016,0 Blk VERMONT
1607548,5/14/2016,5,2016,0 Blk SACRED PATH
1607619,5/15/2016,5,2016,0 Blk JUNEBERRY
1611317,7/22/2016,7,2016,0 Blk SECLUSION
1611318,7/22/2016,7,2016,0 Blk SECLUSION
1611319,7/22/2016,7,2016,0 Blk SECLUSION
1614956,9/30/2016,9,2016,0 Blk PALATINE
1618572,12/7/2016,12,2016,0 Blk PALATINE
1618617,12/8/2016,12,2016,4200 Blk ARCHWAY
1706277,5/2/2017,5,2017,0 Blk PALATINE
1706278,5/2/2017,5,2017,0 Blk PALATINE
1706363,5/4/2017,5,2017,0 Blk SONATA
1706431,5/5/2017,5,2017,0 Blk ORCHARD
1715110,10/20/2017,10,2017,0 Blk BOISE
1715129,10/20/2017,10,2017,18800 Blk DOUGLAS
1718045,12/19/2017,12,2017,0 Blk SUNLIGHT
1718082,12/20/2017,12,2017,18000 Blk SKY PARK BLVD
1718078,12/20/2017,12,2017,0 Blk FANPALM
1718228,12/23/2017,12,2017,1100 Blk SCHOLARSHIP
1718162,12/22/2017,12,2017,200 Blk VENETO
1718198,12/22/2017,12,2017,3000 Blk LADRILLO AISLE
1718202,12/22/2017,12,2017,0 Blk SCARLET BLOOM
1802955,2/28/2018,2,2018,0 Blk ELIZABETH LN
1802958,2/28/2018,2,2018,0 Blk ELIZABETH LN
1806247,5/7/2018,5,2018,0 Blk CARTIER AISLE
1806344,5/9/2018,5,2018,3800 Blk PARKVIEW LN
1806373,5/10/2018,5,2018,0 Blk MEANDER
1806398,5/10/2018,5,2018,500 Blk OAKGLEN
1810124,7/24/2018,7,2018,0 Blk CANAL
1810122,7/24/2018,7,2018,0 Blk ARBORETUM
1812665,9/11/2018,9,2018,2500 Blk ALTON PKWY
1812729,9/12/2018,9,2018,100 Blk QUIET PLACE
1812746,9/12/2018,9,2018,2500 Blk ALTON PKWY
1815881,11/14/2018,11,2018,100 Blk CRESCENT MOON
1815927,11/15/2018,11,2018,300 Blk SANTA BARBARA
1901207,1/25/2019,1,2019,0 Blk PARK PLZ
1901247,1/26/2019,1,2019,100 Blk HEMISPHERE
1901248,1/26/2019,1,2019,100 Blk HEMISPHERE
1980171,3/31/2019,3,2019,0 Blk JUNEBERRY
1100325,1/7/2011,1,2011,100 Blk ROCKVIEW
1114735,10/17/2011,10,2011,0 Blk BOTANICAL
1202079,2/12/2012,2,2012,0 Blk ARBORETUM
1202131,2/13/2012,2,2012,200 Blk HAYES
1205565,4/26/2012,4,2012,0 Blk SHADE TREE
1205589,4/27/2012,4,2012,2700 Blk KELVIN AVE
1302130,2/20/2013,2,2013,0 Blk MARBLEHEAD
1302188,2/21/2013,2,2013,3700 Blk PARKVIEW LN
1305666,5/7/2013,5,2013,400 Blk SIMPLICITY
1402836,3/6/2014,3,2014,200 Blk TALL OAK
1406003,5/16/2014,5,2014,200 Blk GREAT LAWN
1409540,7/31/2014,7,2014,0 Blk LAKEFRONT
1409632,8/1/2014,8,2014,0 Blk MEADOW VALLEY
1409643,8/1/2014,8,2014,4600 Blk EL CAMINO REAL
1412871,10/11/2014,10,2014,0 Blk LILAC
1500237,1/6/2015,1,2015,0 Blk HONEY LOCUST
1504037,3/23/2015,3,2015,0 Blk KEEPSAKE
1504038,3/23/2015,3,2015,300 Blk MARINELLA AISLE
1504101,3/24/2015,3,2015,0 Blk SYCAMORE BEND
1511352,8/8/2015,8,2015,0 Blk SNOWBERRY
1511507,8/11/2015,8,2015,0 Blk ADELANTE
1515182,10/21/2015,10,2015,600 Blk TULAROSA
1515228,10/22/2015,10,2015,200 Blk LEMON GROVE
1515262,10/23/2015,10,2015,0 Blk LAFAYETTE
1518743,12/29/2015,12,2015,0 Blk WINTERGREEN
1518796,12/30/2015,12,2015,0 Blk ORANGE BLOSSOM
1518841,12/31/2015,12,2015,400 Blk SANTA BARBARA
1600044,1/2/2016,1,2016,100 Blk RODEO
1603042,2/23/2016,2,2016,200 Blk HOLBROOK
1603097,2/24/2016,2,2016,800 Blk SOLVAY AISLE
1606586,4/27/2016,4,2016,0 Blk NEW SEASON
1606698,4/29/2016,4,2016,100 Blk OVERBROOK
1610098,6/29/2016,6,2016,0 Blk HARRISON
1610166,7/1/2016,7,2016,0 Blk CASTLEBAR
1613970,9/12/2016,9,2016,0 Blk ROLLING GREEN
1613955,9/12/2016,9,2016,0 Blk MAPLETON
1613992,9/13/2016,9,2016,0 Blk VILLAGER
1617416,11/14/2016,11,2016,100 Blk DESERT BLOOM
1617494,11/15/2016,11,2016,0 Blk PALATINE
1617509,11/16/2016,11,2016,0 Blk MOMENTO
1617544,11/16/2016,11,2016,0 Blk ECCELSTONE CIR
1701503,1/31/2017,1,2017,100 Blk CARDINAL
1701531,2/1/2017,2,2017,0 Blk HEDGE BLOOM
1705119,4/12/2017,4,2017,0 Blk ELIZABETH LN
1705204,4/13/2017,4,2017,0 Blk ALMADOR
1705320,4/15/2017,4,2017,15200 Blk LILLE CIR
1708840,6/18/2017,6,2017,10200 Blk MIRASOL
1708885,6/19/2017,6,2017,0 Blk WINDING WAY
1708951,6/20/2017,6,2017,600 Blk ANACAPA
1712257,8/24/2017,8,2017,200 Blk OVERBROOK
1714525,10/9/2017,10,2017,200 Blk TANGELO
1714531,10/9/2017,10,2017,0 Blk GREENFIELD
1714623,10/11/2017,10,2017,600 Blk CANTOR
1718490,12/30/2017,12,2017,100 Blk GROVELAND
1800012,1/1/2018,1,2018,0 Blk WINTERHAVEN
1803703,3/14/2018,3,2018,0 Blk TESORO
1806901,5/21/2018,5,2018,200 Blk CALIFORNIA AVE
1809724,7/16/2018,7,2018,0 Blk CHERRY N
1812957,9/17/2018,9,2018,2500 Blk MAIN ST
1813016,9/18/2018,9,2018,0 Blk MAPLETON
1816502,11/27/2018,11,2018,0 Blk CANAL
1816621,11/30/2018,11,2018,3300 Blk MICHELSON DR
1901798,2/7/2019,2,2019,0 Blk DEER TRACK
1115303,10/27/2011,10,2011,0 Blk GREAT LAWN
1115305,10/27/2011,10,2011,100 Blk REVIVAL
1115306,10/27/2011,10,2011,100 Blk REVIVAL
1115307,10/27/2011,10,2011,100 Blk REVIVAL
1115395,10/29/2011,10,2011,100 Blk CHANTILLY
1115407,10/29/2011,10,2011,0 Blk NATURE
1115408,10/29/2011,10,2011,100 Blk GROVELAND
1300168,1/4/2013,1,2013,100 Blk TOWNGATE
1303823,3/27/2013,3,2013,0 Blk WALNUT CRK
1307285,6/9/2013,6,2013,600 Blk MARINELLA AISLE
1307336,6/10/2013,6,2013,700 Blk MONTE VISTA
1307419,6/11/2013,6,2013,100 Blk TALMADGE
1307420,6/11/2013,6,2013,0 Blk CORIANDER
1314364,11/6/2013,11,2013,0 Blk JUNEBERRY
1401217,1/30/2014,1,2014,0 Blk HALLMARK
1415903,12/18/2014,12,2014,800 Blk MARINELLA AISLE
1415909,12/18/2014,12,2014,900 Blk WYCLIFFE
1415947,12/19/2014,12,2014,1400 Blk REGGIO AISLE
1416085,12/22/2014,12,2014,0 Blk SECRET GARDEN
1502838,2/26/2015,2,2015,0 Blk NATURE
1502872,2/27/2015,2,2015,13300 Blk PINTADO
1502877,2/27/2015,2,2015,0 Blk CANOPY
1513999,9/30/2015,9,2015,0 Blk CASTLEBAR
1517377,12/1/2015,12,2015,19500 Blk SIERRA SOTO RD
1517378,12/1/2015,12,2015,19500 Blk SIERRA SOTO RD
1602074,2/6/2016,2,2016,0 Blk WINDCHIME
1605671,4/11/2016,4,2016,4100 Blk BLACKFIN AVE
1605817,4/13/2016,4,2016,0 Blk BRISTLECONE
1609051,6/10/2016,6,2016,100 Blk HEDGE BLOOM
1612606,8/16/2016,8,2016,0 Blk WINDING WAY
1616323,10/24/2016,10,2016,0 Blk MONTAGE
1703790,3/17/2017,3,2017,0 Blk SORENSON
1703857,3/19/2017,3,2017,0 Blk LEXINGTON
1707446,5/24/2017,5,2017,0 Blk MORNING SUN
1707463,5/24/2017,5,2017,0 Blk PERGOLA
1707464,5/24/2017,5,2017,1400 Blk REGGIO AISLE
1707531,5/26/2017,5,2017,0 Blk GLORIETA W
1707549,5/26/2017,5,2017,100 Blk RHAPSODY
1707553,5/26/2017,5,2017,100 Blk RODEO
1715208,10/22/2017,10,2017,2800 Blk KELVIN AVE
1715250,10/23/2017,10,2017,4300 Blk MARGARITA ST
1800225,1/4/2018,1,2018,300 Blk DEWDROP
1803461,3/9/2018,3,2018,100 Blk BRIGHT POPPY
1803583,3/12/2018,3,2018,4200 Blk CAMPUS DR
1807001,5/23/2018,5,2018,12400 Blk SPECTRUM
1807061,5/24/2018,5,2018,0 Blk DELPHINUS
1807073,5/24/2018,5,2018,0 Blk SOUTHBROOK
1810913,8/7/2018,8,2018,100 Blk BRIGHT POPPY
1810991,8/9/2018,8,2018,5400 Blk ALTON PKWY
1813688,10/1/2018,10,2018,4400 Blk WYNGATE CIR
1813808,10/4/2018,10,2018,100 Blk WHISTLE FLOWER
1816102,11/19/2018,11,2018,100 Blk DURANZO AISLE
1816110,11/19/2018,11,2018,0 Blk HOLLOWGLEN
1816204,11/21/2018,11,2018,100 Blk WORKING RANCH
1901294,1/27/2019,1,2019,0 Blk CHERRY TREE
1901351,1/29/2019,1,2019,100 Blk PARKWOOD
1901373,1/29/2019,1,2019,17800 Blk VON KARMAN AVE
1901411,1/30/2019,1,2019,0 Blk CLOISTER
1901461,1/31/2019,1,2019,0 Blk WHEELER
1904574,4/4/2019,4,2019,0 Blk SHEPARD
1980178,4/2/2019,4,2019,0 Blk THORNAPPLE
1111985,8/23/2011,8,2011,0 Blk STONEBROOK
1112000,8/23/2011,8,2011,0 Blk PRESTON
1115406,10/29/2011,10,2011,0 Blk VINTAGE
1115610,11/2/2011,11,2011,100 Blk PATHWAY
1115613,11/2/2011,11,2011,0 Blk CANTERA
1115622,11/10/2011,11,2011,0 Blk ARBORETUM
1115648,11/3/2011,11,2011,100 Blk COSTA BRAVA
1115660,11/3/2011,11,2011,0 Blk BELLCHIME
1115667,11/3/2011,11,2011,0 Blk VINTAGE
1115676,11/3/2011,11,2011,0 Blk CONSTANTINE
1204197,3/28/2012,3,2012,0 Blk HERRINGBONE
1204231,3/29/2012,3,2012,100 Blk WINDCHIME
1311916,9/12/2013,9,2013,0 Blk NEW DAWN
1402696,3/3/2014,3,2014,100 Blk REVIVAL
1500667,1/16/2015,1,2015,0 Blk TRINITY
1500696,1/16/2015,1,2015,400 Blk HAYES
1500707,1/16/2015,1,2015,4100 Blk WILLIWAW DR
1504524,4/2/2015,4,2015,0 Blk SOMERTON
1504574,4/3/2015,4,2015,0 Blk LA RONDA
1603463,3/1/2016,3,2016,0 Blk STREAMWOOD
1603503,3/2/2016,3,2016,4600 Blk GREEN TREE LN
1603594,3/3/2016,3,2016,100 Blk QUIET PLACE
1606736,4/30/2016,4,2016,100 Blk MONTE VISTA
1606849,5/2/2016,5,2016,300 Blk ANACAPA
1606923,5/3/2016,5,2016,0 Blk ALONDRA
1606930,5/3/2016,5,2016,0 Blk WRANGLER
1610450,7/6/2016,7,2016,0 Blk PALATINE
1617706,11/20/2016,11,2016,0 Blk GREAT LAWN
1617709,11/20/2016,11,2016,0 Blk ICEBERG ROSE
1701429,1/30/2017,1,2017,100 Blk CATALONIA
1704886,4/7/2017,4,2017,100 Blk CONFEDERATION WAY
1705007,4/10/2017,4,2017,0 Blk PAWPRINT
1708580,6/13/2017,6,2017,0 Blk NIGHT BLOOM
1708732,6/16/2017,6,2017,300 Blk STREAMWOOD
1708736,6/16/2017,6,2017,1200 Blk STANFORD
1712079,8/21/2017,8,2017,200 Blk OVERBROOK
1712189,8/23/2017,8,2017,200 Blk OVERBROOK
1807275,5/28/2018,5,2018,300 Blk DURANZO AISLE
1807285,5/28/2018,5,2018,3300 Blk MICHELSON DR
1810398,7/29/2018,7,2018,0 Blk NAVIGATOR
1810507,7/31/2018,7,2018,1200 Blk DANA
1810512,7/31/2018,7,2018,16100 Blk MIRASOL
1810511,7/31/2018,7,2018,100 Blk OVERBROOK
1810538,7/31/2018,7,2018,3300 Blk MICHELSON DR
1813875,10/5/2018,10,2018,0 Blk PALATINE
1817352,12/15/2018,12,2018,0 Blk PARKDALE
1817447,12/17/2018,12,2018,100 Blk MENKAR
1902589,2/24/2019,2,2019,0 Blk PLANTATION
1902594,2/24/2019,2,2019,0 Blk GRANDVIEW
1980231,4/16/2019,4,2019,0 Blk CARSON
1980243,4/18/2019,4,2019,0 Blk MAGELLAN AISLE
1117839,12/19/2011,12,2011,0 Blk HOLLOWGLEN
1117851,12/19/2011,12,2011,0 Blk ASBURY
1117853,12/19/2011,12,2011,0 Blk MISSION
1117857,12/19/2011,12,2011,6200 Blk ESPERANZA
1117885,12/20/2011,12,2011,0 Blk LACEBARK
1206571,5/16/2012,5,2012,0 Blk JUNEBERRY
1206610,5/17/2012,5,2012,3900 Blk PARKVIEW LN
1217006,12/12/2012,12,2012,0 Blk MORRIS RD
1217106,12/14/2012,12,2012,0 Blk SUNRISE
1302840,3/6/2013,3,2013,0 Blk RAINBOW LAKE
1309936,7/31/2013,7,2013,0 Blk MONTGOMERY
1501733,2/5/2015,2,2015,600 Blk PICCOLO
1501806,2/7/2015,2,2015,0 Blk SAN GARIN
1505303,4/18/2015,4,2015,100 Blk COMPASS
1508953,6/22/2015,6,2015,0 Blk GREAT LAWN
1509036,6/24/2015,6,2015,0 Blk CLARET
1512717,9/4/2015,9,2015,700 Blk CANTOR
1512718,9/4/2015,9,2015,700 Blk CANTOR
1512817,9/6/2015,9,2015,0 Blk CORIANDER
1516290,11/11/2015,11,2015,5200 Blk IRVINE BLVD
1516309,11/11/2015,11,2015,1900 Blk PENDIO
1516343,11/12/2015,11,2015,0 Blk CUZZANO AISLE
1603871,3/9/2016,3,2016,100 Blk TOWNGATE
1604000,3/11/2016,3,2016,100 Blk STREAMWOOD
1604002,3/11/2016,3,2016,0 Blk CHERRY TREE
1604003,3/11/2016,3,2016,100 Blk STREAMWOOD
1610603,7/9/2016,7,2016,0 Blk PALATINE
1614410,9/20/2016,9,2016,15300 Blk TELMO
1614520,9/22/2016,9,2016,4300 Blk EL CAMINO REAL
1618017,11/27/2016,11,2016,1100 Blk QUAIL RDG
1701779,2/6/2017,2,2017,0 Blk GREENHOUSE
1705417,4/17/2017,4,2017,0 Blk PLANTATION
1708991,6/21/2017,6,2017,0 Blk STRAW FLOWER
1709004,6/21/2017,6,2017,600 Blk SILK TREE
1709023,6/22/2017,6,2017,0 Blk PRESIDIO
1709132,6/24/2017,6,2017,100 Blk LACEFLOWER
1717952,12/17/2017,12,2017,0 Blk WILD TRAILS
1718013,12/18/2017,12,2017,0 Blk GRAMERCY
1718027,12/19/2017,12,2017,100 Blk RODEO
1802269,2/15/2018,2,2018,2800 Blk MAIN ST
1805845,4/28/2018,4,2018,0 Blk LAST BLOOM
1805857,4/28/2018,4,2018,0 Blk PALATINE
1809366,7/8/2018,7,2018,0 Blk RINALDI
1809437,7/9/2018,7,2018,400 Blk LAS PALMAS
1812572,9/9/2018,9,2018,1900 Blk PIEDMONT
1816350,11/25/2018,11,2018,0 Blk WONDERLAND
1816411,11/26/2018,11,2018,0 Blk CHERRY TREE
1816412,11/26/2018,11,2018,0 Blk CHERRY TREE
1901899,2/9/2019,2,2019,6200 Blk SIERRA BRAVO RD
1902001,2/11/2019,2,2019,0 Blk PEACH BLOSSOM
1902013,2/11/2019,2,2019,0 Blk GHIBERTI
1902031,2/12/2019,2,2019,0 Blk MILLBRAE
1902047,2/12/2019,2,2019,2100 Blk SULLIVAN
1980204,4/9/2019,4,2019,4300 Blk SPECTRUM
1980205,4/9/2019,4,2019,100 Blk GITANO
1110095,7/17/2011,7,2011,0 Blk EASTMONT
1117513,12/12/2011,12,2011,0 Blk CALYPSO
1117611,12/14/2011,12,2011,700 Blk MONTE VISTA
1206171,4/30/2012,5,2012,700 Blk SILK TREE
1209823,7/20/2012,7,2012,0 Blk TOWNSEND
1213762,10/6/2012,10,2012,0 Blk IRIS
1302551,2/28/2013,2,2013,3600 Blk HAMILTON ST
1316526,12/30/2013,12,2013,600 Blk MONTE VISTA
1316563,12/31/2013,12,2013,600 Blk MONTE VISTA
1400086,1/3/2014,1,2014,0 Blk GREENHOUSE
1403196,3/13/2014,3,2014,0 Blk CONCIERTO
1406670,5/29/2014,5,2014,0 Blk RAINBOW LAKE
1410240,8/15/2014,8,2014,11300 Blk SPECTRUM
1413746,10/30/2014,10,2014,0 Blk PINTAIL
1413749,10/30/2014,10,2014,500 Blk MARKETVIEW
1500884,1/20/2015,1,2015,100 Blk DOVERWOOD
1501016,1/22/2015,1,2015,200 Blk PENDIO
1501042,1/23/2015,1,2015,0 Blk DEERGRASS
1501063,1/23/2015,1,2015,500 Blk MARINELLA AISLE
1504625,4/4/2015,4,2015,2500 Blk LADRILLO AISLE
1504811,4/8/2015,4,2015,1100 Blk REGGIO AISLE
1508302,6/10/2015,6,2015,5000 Blk BORDEAUX AVE
1515924,11/4/2015,11,2015,2500 Blk LADRILLO AISLE
1515958,11/5/2015,11,2015,0 Blk BLESSING
1516038,11/6/2015,11,2015,0 Blk SALVIATI AISLE
1600542,1/11/2016,1,2016,#VALUE!
1600548,1/11/2016,1,2016,700 Blk GRAND CANAL
1600555,1/11/2016,1,2016,200 Blk FALCON CRK
1600545,1/11/2016,1,2016,700 Blk MAPLEWOOD
1600589,1/12/2016,1,2016,0 Blk MIDDLEBURY LN
1600594,1/12/2016,1,2016,0 Blk WILD TRAILS
1600602,1/12/2016,1,2016,1700 Blk ELK GROVE
1600614,1/11/2016,1,2016,1300 Blk ELK GROVE
1600606,1/12/2016,1,2016,1400 Blk ELMHURST
1600692,1/14/2016,1,2016,3500 Blk CLAREMONT ST
1604323,3/18/2016,3,2016,0 Blk HERMOSA
1604431,3/20/2016,3,2016,500 Blk ROCKEFELLER
1607865,5/20/2016,5,2016,0 Blk SANCTUARY
1607894,5/20/2016,5,2016,100 Blk MONTE VISTA
1611421,7/25/2016,7,2016,2900 Blk GRAND CANAL
1611443,7/25/2016,7,2016,12200 Blk ANSEL
1618518,12/6/2016,12,2016,0 Blk PALATINE
1618535,12/6/2016,12,2016,100 Blk KAZAN ST
1702290,2/15/2017,2,2017,100 Blk HANGING GARDEN
1705857,4/25/2017,4,2017,0 Blk CENTAURUS
1705986,4/27/2017,4,2017,0 Blk BELL CHIME
1709335,6/28/2017,6,2017,0 Blk HOMELAND
1713026,9/9/2017,9,2017,0 Blk GABLES
1713074,9/10/2017,9,2017,0 Blk PAINTED SKY
1715763,11/2/2017,11,2017,14100 Blk SPECTRUM
1715812,11/3/2017,11,2017,200 Blk GREAT LAWN
1715869,11/4/2017,11,2017,0 Blk REDBERRY
1801125,1/24/2018,1,2018,0 Blk LINDBERG
1804005,3/20/2018,3,2018,0 Blk ANDALUCIA
1804059,3/21/2018,3,2018,0 Blk GREENBOUGH
1807670,6/4/2018,6,2018,11300 Blk ANSEL
1807672,6/4/2018,6,2018,11300 Blk ANSEL
1810645,8/2/2018,8,2018,0 Blk DUNMORE
1810803,8/5/2018,8,2018,0 Blk MAPLETON
1814086,10/9/2018,10,2018,3300 Blk MICHELSON DR
1814226,10/12/2018,10,2018,300 Blk WYCLIFFE
1817010,12/8/2018,12,2018,14800 Blk DONCASTER RD
1817018,12/8/2018,12,2018,0 Blk HAWKCREEK
1901685,2/5/2019,2,2019,100 Blk CATALYST
1904758,4/8/2019,4,2019,200 Blk GUINEVERE
1105426,4/19/2011,4,2011,400 Blk ORANGE BLOSSOM
1115991,11/10/2011,11,2011,100 Blk KEEPSAKE
1201072,1/23/2012,1,2012,0 Blk VINTAGE
1201130,1/24/2012,1,2012,0 Blk TWIGGS
1204773,4/10/2012,4,2012,2500 Blk MAIN STREET # 1004
1211426,8/21/2012,8,2012,900 Blk STANFORD
1214628,10/22/2012,10,2012,0 Blk BRIARWOOD
1300331,1/8/2013,1,2013,1600 Blk LANGLEY AVE
1300381,1/9/2013,1,2013,100 Blk ESTANCIA
1300506,1/12/2013,1,2013,0 Blk FIGTREE
1303885,3/28/2013,3,2013,0 Blk GOLDENBUSH
1303896,3/28/2013,3,2013,0 Blk MARBLEHEAD
1303947,3/29/2013,3,2013,1300 Blk SCHOLARSHIP
1311150,8/26/2013,8,2013,100 Blk WEATHERVANE
1314545,11/11/2013,11,2013,0 Blk BOMBAY
1401557,2/6/2014,2,2014,15100 Blk SPECTRUM
1408539,7/8/2014,7,2014,3500 Blk ALMOND ST
1415384,12/7/2014,12,2014,0 Blk WOODWIND
1415434,12/8/2014,12,2014,0 Blk SETON RD
1502458,2/19/2015,2,2015,0 Blk SEEDLING
1506013,5/1/2015,5,2015,0 Blk ROYAL VICTORIA
1513429,9/19/2015,9,2015,0 Blk JEFFERSON
1513442,9/19/2015,9,2015,200 Blk DENIM
1513546,9/21/2015,9,2015,0 Blk FREELAND
1601405,1/25/2016,1,2016,0 Blk BAYLEAF LN
1601506,1/27/2016,1,2016,0 Blk SUMMERHOUSE
1608547,6/1/2016,6,2016,3800 Blk HAMILTON ST
1611916,8/3/2016,8,2016,0 Blk EASTSHORE
1611994,8/5/2016,8,2016,2200 Blk SCHOLARSHIP
1612069,8/6/2016,8,2016,200 Blk ROCKEFELLER
1615312,10/6/2016,10,2016,2200 Blk WATERMARKE PL
1615410,10/8/2016,10,2016,100 Blk VERMILLION
1618990,12/15/2016,12,2016,0 Blk KNOLLWOOD
1618994,12/15/2016,12,2016,0 Blk AVONDALE
1706078,4/29/2017,4,2017,200 Blk KEMPTON
1709346,6/28/2017,6,2017,2100 Blk ANACAPA
1710808,7/27/2017,7,2017,0 Blk CLOVER
1710824,7/27/2017,7,2017,0 Blk WESTPORT
1717209,12/2/2017,12,2017,2300 Blk SCHOLARSHIP
1717311,12/4/2017,12,2017,2400 Blk SCHOLARSHIP
1717313,12/4/2017,12,2017,2400 Blk SCHOLARSHIP
1717315,12/4/2017,12,2017,1400 Blk SCHOLARSHIP
1717306,12/4/2017,12,2017,2400 Blk SCHOLARSHIP
1802141,2/13/2018,2,2018,0 Blk CARTIER AISLE
1805376,4/19/2018,4,2018,800 Blk MARINELLA AISLE
1805529,4/23/2018,4,2018,0 Blk STETSON
1808526,6/21/2018,6,2018,7700 Blk GATEWAY
1808575,6/22/2018,6,2018,100 Blk CANTATA AISLE
1808695,6/25/2018,6,2018,0 Blk ALBA W
1817778,12/24/2018,12,2018,0 Blk CEDARLAKE
1817821,12/25/2018,12,2018,0 Blk SCARLET BLOOM
1817825,12/25/2018,12,2018,100 Blk SALMON
1817826,12/25/2018,12,2018,100 Blk LONEFLOWER
1817828,12/25/2018,12,2018,100 Blk FIELDWOOD
1817829,12/25/2018,12,2018,100 Blk FIELDWOOD
1902751,2/27/2019,2,2019,0 Blk LONG MEADOW
1980265,4/24/2019,4,2019,15100 Blk CHAMPAGNE CIR
1980279,4/27/2019,4,2019,0 Blk NEBRASKA
1118417,12/31/2011,12,2011,0 Blk BELL CHIME
1203862,3/21/2012,3,2012,13600 Blk ONKAYHA CIR
1207437,6/3/2012,6,2012,100 Blk KENSINGTON PARK
1210964,8/12/2012,8,2012,2700 Blk KELVIN AVE
1210697,8/6/2012,8,2012,0 Blk DESCANSO
1214728,10/24/2012,10,2012,200 Blk GREAT LAWN
1300443,1/11/2013,1,2013,4000 Blk PLEASANT ST
1304180,4/4/2013,4,2013,200 Blk MONROE
1307815,6/18/2013,6,2013,0 Blk PALATINE
1307914,6/20/2013,6,2013,0 Blk HONEYROSE
1311317,8/29/2013,8,2013,0 Blk NATURE
1314915,11/19/2013,11,2013,0 Blk AMBERLEAF
1402060,2/17/2014,2,2014,600 Blk TULAROSA
1402061,2/17/2014,2,2014,1600 Blk STANFORD
1415702,12/14/2014,12,2014,0 Blk ROSENBLUM
1415817,12/16/2014,12,2014,600 Blk MARINELLA AISLE
1415894,12/18/2014,12,2014,900 Blk MONTE VISTA
1503270,3/7/2015,3,2015,0 Blk CANOPY
1503461,3/11/2015,3,2015,0 Blk JACKRABBIT
1514304,10/5/2015,10,2015,0 Blk GRAMERCY
1514341,10/6/2015,10,2015,0 Blk TALL CEDARS
1517868,12/10/2015,12,2015,100 Blk ROSE ARCH
1517897,12/11/2015,12,2015,200 Blk DEWDROP
1517898,12/11/2015,12,2015,200 Blk DEWDROP
1517938,12/12/2015,12,2015,0 Blk WINDJAMMER
1517944,12/12/2015,12,2015,900 Blk PICCOLO
1517954,12/12/2015,12,2015,0 Blk PALMIERI AISLE
1518056,12/14/2015,12,2015,400 Blk FALLINGSTAR
1518054,12/14/2015,12,2015,1100 Blk SOLVAY AISLE
1518057,12/14/2015,12,2015,0 Blk RECODO
1602729,2/17/2016,2,2016,15100 Blk SPECTRUM
1606145,4/19/2016,4,2016,14900 Blk GENEVA ST
1606167,4/20/2016,4,2016,1000 Blk OAKGLEN
1609751,6/23/2016,6,2016,0 Blk HAVENWOOD
1609777,6/23/2016,6,2016,1100 Blk QUAIL MEADOW
1609831,6/24/2016,6,2016,0 Blk MASTERSON
1613412,9/1/2016,9,2016,100 Blk BARITONE
1613461,9/2/2016,9,2016,0 Blk STAGECOACH
1700416,1/9/2017,1,2017,0 Blk SANCTUARY
1704070,3/23/2017,3,2017,0 Blk BAMBOO
1711348,8/7/2017,8,2017,0 Blk WINDWOOD
1711389,8/8/2017,8,2017,0 Blk SABLE
1713842,9/26/2017,9,2017,100 Blk LEMON GROVE
1717618,12/10/2017,12,2017,1700 Blk SOLVAY AISLE
1717678,12/12/2017,12,2017,0 Blk SEASONS
1717704,12/12/2017,12,2017,0 Blk SALVIATI AISLE
1717710,12/12/2017,12,2017,200 Blk RODEO
1717715,12/12/2017,12,2017,7400 Blk SPECTRUM
1717731,12/13/2017,12,2017,100 Blk BRIGHT POPPY
1717741,12/13/2017,12,2017,18800 Blk DOUGLAS
1717749,12/13/2017,12,2017,0 Blk STATUARY
1717796,12/14/2017,12,2017,100 Blk MUSTARD
1802501,2/20/2018,2,2018,0 Blk SILKBERRY
1802502,2/20/2018,2,2018,0 Blk SILKBERRY
1802619,2/22/2018,2,2018,0 Blk SEVILLE
1802627,2/22/2018,2,2018,3800 Blk BLACKTHORN ST
1806135,5/4/2018,5,2018,6200 Blk IRVINE BLVD
1806192,5/5/2018,5,2018,0 Blk PATHWAY
1809776,7/17/2018,7,2018,17800 Blk MAIN ST
1809803,7/17/2018,7,2018,0 Blk HONEYROSE
1809813,7/17/2018,7,2018,0 Blk STATUARY
1813285,9/24/2018,9,2018,0 Blk RISING SUN
1813305,9/24/2018,9,2018,3900 Blk PARKVIEW LN
1813344,9/25/2018,9,2018,0 Blk MINERAL KING
1813409,9/26/2018,9,2018,0 Blk ACORN GLEN
1816757,12/3/2018,12,2018,0 Blk DEERGRASS
1816877,12/5/2018,12,2018,100 Blk MONROE
1902129,2/14/2019,2,2019,2800 Blk MAIN ST
1902184,2/15/2019,2,2019,13400 Blk JAMBOREE RD
1980250,4/19/2019,4,2019,0 Blk GLORIETA W
1980255,4/20/2019,4,2019,0 Blk PARSON BROWN
1113551,9/23/2011,9,2011,100 Blk ALHAMBRA
1113677,9/23/2011,9,2011,100 Blk ALHAMBRA
1113678,9/23/2011,9,2011,100 Blk ALHAMBRA
1113708,9/26/2011,9,2011,0 Blk REVIVAL
1117235,12/6/2011,12,2011,0 Blk STREAMWOOD
1117244,12/7/2011,12,2011,0 Blk SYCAMORE CRK
1202407,2/12/2012,2,2012,0 Blk ARBORETUM
1202445,2/20/2012,2,2012,0 Blk CLEAR SPRING
1213185,9/25/2012,9,2012,0 Blk WHITE SAGE
1213234,9/26/2012,9,2012,600 Blk SILK TREE
1217383,12/20/2012,12,2012,3700 Blk PARKVIEW LN
1217420,12/21/2012,12,2012,1700 Blk BARRANCA PKWY
1303205,3/14/2013,3,2013,2700 Blk GRAND CANAL
1306795,5/30/2013,5,2013,0 Blk FULTON
1310286,8/8/2013,8,2013,600 Blk WHISPERING TRL
1310287,8/8/2013,8,2013,600 Blk WHISPERING TRL
1316271,12/22/2013,12,2013,0 Blk BULL RUN
1316314,12/23/2013,12,2013,0 Blk FLAMENCO
1403746,3/26/2014,3,2014,0 Blk GRASSLAND
1505189,4/16/2015,4,2015,0 Blk E YALE LOOP
1505203,4/16/2015,4,2015,0 Blk LEGACY WAY
1505213,4/16/2015,4,2015,0 Blk SOVENTE
1505214,4/16/2015,4,2015,2200 Blk LADRILLO AISLE
1508644,6/17/2015,6,2015,5200 Blk BURGUNDY CIR
1508725,6/18/2015,6,2015,100 Blk DEVONSHIRE
1508832,6/20/2015,6,2015,0 Blk JACKRABBIT
1512621,9/2/2015,9,2015,100 Blk WINDHAM
1512624,9/2/2015,9,2015,3700 Blk BARRANCA PKWY
1512626,9/2/2015,9,2015,0 Blk BUNKER HILL
1512635,9/2/2015,9,2015,0 Blk IDYLLWILD
1601064,1/20/2016,1,2016,3300 Blk MICHELSON DR
1601141,1/21/2016,1,2016,0 Blk VALENTE
1604610,3/23/2016,3,2016,14800 Blk DUSK ST
1608283,5/27/2016,5,2016,0 Blk MAR VISTA
1611798,8/1/2016,8,2016,2700 Blk ALTON PKWY
1611856,8/2/2016,8,2016,0 Blk HEATHER
1619043,12/16/2016,12,2016,0 Blk MIDDLETON
1619093,12/16/2016,12,2016,0 Blk FOREST
1619178,12/18/2016,12,2016,11100 Blk PAYTON
1702849,2/27/2017,2,2017,0 Blk BUTTERFLY
1702888,2/28/2017,2,2017,0 Blk DANBURY LN
1706496,5/6/2017,5,2017,0 Blk ARCATA
1706559,5/8/2017,5,2017,2600 Blk GRAND CANAL
1706640,5/9/2017,5,2017,0 Blk JUNEBERRY
1706688,5/10/2017,5,2017,0 Blk BLAZING STAR
1710005,7/11/2017,7,2017,18200 Blk MIRASOL
1710038,7/12/2017,7,2017,23300 Blk SPECTRUM
1710098,7/13/2017,7,2017,0 Blk DEERWOOD E
1710189,7/15/2017,7,2017,300 Blk MARKETVIEW
1716132,11/9/2017,11,2017,0 Blk GRANITE PATH
1800379,1/8/2018,1,2018,4300 Blk PIONEER ST
1800451,1/10/2018,1,2018,0 Blk PATHWAY
1800553,1/12/2018,1,2018,0 Blk RANA
1804152,3/23/2018,3,2018,0 Blk PALATINE
1807432,5/31/2018,5,2018,100 Blk LONG GRASS
1807455,5/31/2018,5,2018,0 Blk SNAPDRAGON
1811036,8/10/2018,8,2018,15400 Blk LORRAINE WAY
1811178,8/13/2018,8,2018,0 Blk JUNEBERRY
1811199,8/13/2018,8,2018,3900 Blk FAMILY TREE
1811196,8/13/2018,8,2018,0 Blk LOQUAT
1814530,10/17/2018,10,2018,2300 Blk SCHOLARSHIP
1814654,10/20/2018,10,2018,200 Blk PICCOLO
1817498,12/18/2018,12,2018,4400 Blk RANCHGROVE DR
1817500,12/18/2018,12,2018,0 Blk SILVERWOOD
1817516,12/19/2018,12,2018,100 Blk WORKING RANCH
1817579,12/20/2018,12,2018,4600 Blk RANCHGROVE DR
1817652,12/21/2018,12,2018,100 Blk MONROE
1817656,12/21/2018,12,2018,100 Blk CAPRICORN
1903101,3/6/2019,3,2019,100 Blk MONTICELLO
1980305,5/5/2019,5,2019,3100 Blk SPECTRUM
1980308,5/6/2019,5,2019,3800 Blk BARRANCA PKWY
1980317,5/7/2019,5,2019,700 Blk FOUNTAINHEAD
1115703,11/4/2011,11,2011,0 Blk IVY LN
1115704,11/4/2011,11,2011,0 Blk SORENSON
1115706,11/4/2011,11,2011,100 Blk LAMPLIGHTER
1115708,11/4/2011,11,2011,100 Blk CHURCH PL
1115712,11/4/2011,11,2011,0 Blk MOONSTONE
1115731,11/4/2011,11,2011,0 Blk REGAL
1115893,11/8/2011,11,2011,0 Blk HILLGRASS
1115894,11/8/2011,11,2011,0 Blk GREAT LAWN
1304574,4/13/2013,4,2013,0 Blk CARRIAGE DR
1304664,4/15/2013,4,2013,3700 Blk BARRANCA PKWY
1308150,6/26/2013,6,2013,2200 Blk ESPERANZA
1308204,6/27/2013,6,2013,0 Blk VIA LUCCA
1401794,2/11/2014,2,2014,0 Blk APRILLA
1405253,4/29/2014,4,2014,100 Blk WINDCHIME
1412542,10/4/2014,10,2014,0 Blk PERRYVILLE
1412556,10/4/2014,10,2014,700 Blk QUAIL MEADOW
1416128,12/23/2014,12,2014,0 Blk BRILLANTEZ
1416133,12/23/2014,12,2014,3600 Blk CLAREMONT ST
1416202,12/26/2014,12,2014,0 Blk GABLES
1503063,3/3/2015,3,2015,0 Blk LONGSTREET
1503201,3/6/2015,3,2015,0 Blk COROMANDE
1506704,5/14/2015,5,2015,100 Blk LEMON GROVE
1514207,10/3/2015,10,2015,0 Blk VASSAR AISLE
1517766,12/8/2015,12,2015,0 Blk CANOPY
1517816,12/9/2015,12,2015,0 Blk WESTON
1602293,2/10/2016,2,2016,0 Blk TALISMAN
1602312,2/10/2016,2,2016,3900 Blk PARKVIEW LN
1602328,2/10/2016,2,2016,0 Blk FAIRFAX
1605976,4/16/2016,4,2016,0 Blk CLARET
1609420,6/17/2016,6,2016,1600 Blk PENDIO
1609542,6/20/2016,6,2016,0 Blk MONTROSE
1609616,6/21/2016,6,2016,0 Blk BOMBAY
1616728,11/1/2016,11,2016,200 Blk RED SAGE
1700617,1/13/2017,1,2017,7300 Blk VIRTUOSO
1700735,1/16/2017,1,2017,1300 Blk SCHOLARSHIP
1704226,3/26/2017,3,2017,0 Blk NATURE
1704351,3/28/2017,3,2017,100 Blk TALLOWOOD
1707890,6/1/2017,6,2017,100 Blk AMHERST AISLE
1708062,6/4/2017,6,2017,0 Blk EAGLE POINT
1708068,6/4/2017,6,2017,100 Blk PATHWAY
1715560,10/29/2017,10,2017,100 Blk FULL SUN
1800726,1/16/2018,1,2018,0 Blk RAVENDALE
1800733,1/16/2018,1,2018,3600 Blk PROVINCETOWN AVE
1800806,1/17/2018,1,2018,0 Blk ESPLANADE
1806722,5/17/2018,5,2018,17100 Blk GILLETTE AVE
1806778,5/18/2018,5,2018,0 Blk GRAMERCY
1810284,7/26/2018,7,2018,0 Blk DEL CARLO
1810293,7/27/2018,7,2018,100 Blk ACAMAR
1810315,7/27/2018,7,2018,0 Blk ROLLING GREEN
1813495,9/28/2018,9,2018,0 Blk FLAGSTONE
1817106,12/10/2018,12,2018,100 Blk HITCHING POST
1902365,2/19/2019,2,2019,400 Blk MONROE
1902411,2/20/2019,2,2019,0 Blk WAKEFIELD
1902429,2/20/2019,2,2019,0 Blk DISTANT STAR
1902455,2/21/2019,2,2019,100 Blk PORT
1902494,2/21/2019,2,2019,100 Blk CARMINE
1109744,6/26/2011,7,2011,0 Blk EL CAJON
1117026,12/2/2011,12,2011,0 Blk WOODLEAF
1205786,4/30/2012,4,2012,700 Blk SILK TREE
1212980,9/21/2012,9,2012,0 Blk WHITE SAGE
1213012,9/22/2012,9,2012,0 Blk PATHWAY
1309520,7/23/2013,7,2013,0 Blk SUNLIGHT
1309671,7/26/2013,7,2013,0 Blk PERRYVILLE
1409827,8/5/2014,8,2014,5000 Blk BARKWOOD AVE
1409865,8/6/2014,8,2014,700 Blk TURTLE CREST DR
1413324,10/21/2014,10,2014,500 Blk MARKETVIEW
1413335,10/21/2014,10,2014,500 Blk MARKETVIEW
1413370,10/22/2014,10,2014,500 Blk MARKETVIEW
1413372,10/22/2014,10,2014,0 Blk MARKETVIEW
1413458,10/24/2014,10,2014,0 Blk ASPEN TREE LN
1500530,1/13/2015,1,2015,400 Blk RHYTHM
1504196,3/26/2015,3,2015,0 Blk MAYCREST
1504303,3/29/2015,3,2015,100 Blk YELLOW DAISY
1507819,6/2/2015,6,2015,100 Blk PROMENADE
1507914,6/4/2015,6,2015,0 Blk TECHNOLOGY DR W
1510015,7/13/2015,7,2015,20300 Blk SPECTRUM
1510042,7/13/2015,7,2015,3500 Blk ASPEN GROVE
1510080,7/14/2015,7,2015,3500 Blk ORANGEWOOD
1510098,7/14/2015,7,2015,100 Blk FIREFLY
1512338,8/28/2015,8,2015,400 Blk GODDARD
1600273,1/6/2016,1,2016,100 Blk VERMILLION
1600377,1/8/2016,1,2016,4000 Blk ESCUDERO DR
1600387,1/8/2016,1,2016,14600 Blk COUNTRYWOOD LN
1600421,1/9/2016,1,2016,0 Blk PALAGONIA AISLE
1600478,1/8/2016,1,2016,4000 Blk ESCUDERO DR
1604206,3/16/2016,3,2016,0 Blk ACACIA TREE LN
1604301,3/17/2016,3,2016,100 Blk STRAWBERRY GROVE
1607668,5/16/2016,5,2016,0 Blk PALATINE
1613737,9/8/2016,9,2016,100 Blk MONROE
1613793,9/9/2016,9,2016,200 Blk VENETO
1617127,11/8/2016,11,2016,0 Blk TOWNSEND
1701087,1/23/2017,1,2017,0 Blk SKYWARD
1701097,1/23/2017,1,2017,0 Blk WASHINGTON
1704429,3/29/2017,3,2017,1400 Blk SCHOLARSHIP
1704430,3/29/2017,3,2017,900 Blk WHISPERING TRL
1704638,4/3/2017,4,2017,0 Blk CHANTILLY
1708116,6/5/2017,6,2017,0 Blk DISTANT STAR
1708226,6/7/2017,6,2017,2300 Blk DUPONT DR
1708223,6/7/2017,6,2017,0 Blk DEERWOOD W
1708260,6/8/2017,6,2017,3500 Blk LOTUS ST
1711751,8/15/2017,8,2017,100 Blk VERMILLION
1714207,10/2/2017,10,2017,2800 Blk MAIN ST
1714209,10/2/2017,10,2017,2800 Blk MAIN ST
1717376,12/5/2017,12,2017,0 Blk WATERWAY
1717389,12/6/2017,12,2017,0 Blk GREAT LAWN
1717413,12/6/2017,12,2017,0 Blk STAGECOACH
1717481,12/8/2017,12,2017,100 Blk WORKING RANCH
1717529,12/8/2017,12,2017,300 Blk DEERFIELD
1805322,4/18/2018,4,2018,100 Blk EXETER
1808697,6/25/2018,6,2018,0 Blk PROCLAMATION WAY
1808851,6/28/2018,6,2018,600 Blk CARDIFF
1812071,8/30/2018,8,2018,0 Blk PALATINE
1814956,10/26/2018,10,2018,3300 Blk MICHELSON DR
1814959,10/26/2018,10,2018,0 Blk WELLESLEY
1900119,1/3/2019,1,2019,100 Blk CARMINE
1900134,1/3/2019,1,2019,0 Blk SACRED PATH
1900202,1/4/2019,1,2019,18200 Blk ANSEL
1900223,1/5/2019,1,2019,0 Blk LEMON GROVE
1980107,3/13/2019,3,2019,7700 Blk GATEWAY
1903560,3/15/2019,3,2019,3800 Blk PARKVIEW LN
1980289,5/1/2019,5,2019,400 Blk GIOTTO
1906008,5/4/2019,5,2019,0 Blk PACIFICA
1114305,10/8/2011,10,2011,5000 Blk CINNAMON
1118122,12/24/2011,12,2011,0 Blk BAMBOO
1118164,12/26/2011,12,2011,0 Blk SKYWARD
1217441,12/21/2012,12,2012,0 Blk ELIZABETH LN
1303382,3/18/2013,3,2013,0 Blk BORMES
1303395,3/18/2013,3,2013,#VALUE!
1310431,8/11/2013,8,2013,100 Blk ROCKVIEW
1404388,4/9/2014,4,2014,0 Blk BRINDISI
1404475,4/11/2014,4,2014,500 Blk TULAROSA
1407998,6/26/2014,6,2014,0 Blk ATHERTON
1415124,12/1/2014,12,2014,200 Blk TURTLE CREST DR
1505528,4/22/2015,4,2015,0 Blk SACRED PATH
1505541,4/22/2015,4,2015,0 Blk BUELLTON
1505557,4/23/2015,4,2015,0 Blk ALTEZZA
1505641,4/24/2015,4,2015,15100 Blk NORMANDIE AVE
1509196,6/27/2015,6,2015,1900 Blk PIEDMONT
1512984,9/10/2015,9,2015,15400 Blk EIFFEL CIR
1604783,3/26/2016,3,2016,200 Blk BERKELEY
1604784,3/26/2016,3,2016,9100 Blk SPECTRUM
1604841,3/27/2016,3,2016,0 Blk SHEPARD
1608489,5/31/2016,5,2016,0 Blk MARBLEHEAD
1615936,10/17/2016,10,2016,400 Blk PAYTON
1619390,12/22/2016,12,2016,0 Blk DISTANT STAR
1619408,12/23/2016,12,2016,100 Blk ROSE ARCH
1619413,12/23/2016,12,2016,800 Blk PICCOLO
1619419,12/23/2016,12,2016,0 Blk DISTANT STAR
1703061,3/3/2017,3,2017,1400 Blk ANACAPA
1703106,3/3/2017,3,2017,0 Blk BLUE RDG
1706745,5/11/2017,5,2017,0 Blk LINHAVEN
1706780,5/12/2017,5,2017,3700 Blk PROVINCETOWN AVE
1706793,5/12/2017,5,2017,0 Blk LACONIA
1706835,5/13/2017,5,2017,0 Blk HAYES
1706890,5/14/2017,5,2017,200 Blk CULTIVATE
1710271,7/17/2017,7,2017,100 Blk FOLLYHATCH
1713457,9/18/2017,9,2017,600 Blk STANFORD
1713551,9/20/2017,9,2017,300 Blk LAS PALMAS
1716534,11/18/2017,11,2017,300 Blk DEERFIELD
1716624,11/20/2017,11,2017,0 Blk NATURE
1801577,2/1/2018,2,2018,0 Blk MILLSTONE
1808462,6/20/2018,6,2018,0 Blk TALL CEDARS
1808479,6/20/2018,6,2018,200 Blk RODEO
1811626,8/22/2018,8,2018,3600 Blk ORANGEWOOD
1811751,8/24/2018,8,2018,0 Blk ZEPHYR
1817919,12/27/2018,12,2018,100 Blk SALMON
1817980,12/28/2018,12,2018,0 Blk WOODS TRL
1818037,12/30/2018,12,2018,0 Blk FIELD POPPY
1818077,12/31/2018,12,2018,100 Blk SALMON
1980297,5/3/2019,5,2019,0 Blk LAKETRAIL
1980302,5/4/2019,5,2019,2500 Blk ALTON PKWY
1107360,5/26/2011,5,2011,0 Blk WEATHERSFIELD
1117988,12/22/2011,12,2011,100 Blk LAMPLIGHTER
1118057,12/23/2011,12,2011,0 Blk NATURE
1118079,12/23/2011,12,2011,100 Blk TREEHOUSE
1217652,12/28/2012,12,2012,100 Blk ORANGE BLOSSOM
1303493,3/20/2013,3,2013,3700 Blk BARRANCA PKWY
1307049,6/4/2013,6,2013,400 Blk MONROE
1307131,6/6/2013,6,2013,0 Blk PACIFIC CREST
1307195,6/7/2013,6,2013,0 Blk CHEYENNE
1307196,6/7/2013,6,2013,0 Blk FOXBORO
1307227,6/8/2013,6,2013,0 Blk SOARING HAWK
1314140,11/1/2013,11,2013,0 Blk EASTMONT
1401041,1/26/2014,1,2014,0 Blk CORNWALLIS
1401116,1/28/2014,1,2014,0 Blk MARIPOSA
1412004,9/23/2014,9,2014,600 Blk TULAROSA
1412079,9/24/2014,9,2014,0 Blk APRILLA
1415495,12/9/2014,12,2014,0 Blk MOUNT VERNON
1415542,12/10/2014,12,2014,0 Blk KAZAN ST
1415593,12/11/2014,12,2014,200 Blk CORAL ROSE
1502642,2/23/2015,2,2015,0 Blk JASPER
1502711,2/24/2015,2,2015,0 Blk REVIVAL
1506198,5/5/2015,5,2015,0 Blk MEADOW GLN
1506269,5/6/2015,5,2015,14600 Blk DONCASTER RD
1506359,5/8/2015,5,2015,100 Blk YELLOW DAISY
1513624,9/22/2015,9,2015,0 Blk OPUS
1517334,12/1/2015,12,2015,2300 Blk TIMBERWOOD
1601858,2/2/2016,2,2016,0 Blk PALMIERI AISLE
1602022,2/5/2016,2,2016,900 Blk LAS PALMAS
1602032,2/5/2016,2,2016,0 Blk SEDGEWICK
1605549,4/8/2016,4,2016,0 Blk CHANTILLY
1605601,4/9/2016,4,2016,0 Blk OAKHURST RD
1609305,6/15/2016,6,2016,0 Blk SACRED PATH
1609314,6/15/2016,6,2016,0 Blk WINTERHAVEN
1609366,6/16/2016,6,2016,0 Blk PALATINE
1609399,6/17/2016,6,2016,0 Blk PALATINE
1612871,8/22/2016,8,2016,100 Blk GITANO
1612946,8/23/2016,8,2016,0 Blk AMORET DR
1616423,10/26/2016,10,2016,0 Blk LEMON GROVE
1616575,10/28/2016,10,2016,0 Blk SORENSON
1703400,3/9/2017,3,2017,2500 Blk KELVIN AVE
1709869,7/8/2017,7,2017,0 Blk RAVENDALE
1713242,9/13/2017,9,2017,700 Blk FAMILY TREE
1716288,11/13/2017,11,2017,0 Blk ARBOLES
1716472,11/16/2017,11,2017,0 Blk KAZAN ST
1801256,1/26/2018,1,2018,0 Blk DEER CRK
1801263,1/26/2018,1,2018,4100 Blk BELVEDERE ST
1801276,1/26/2018,1,2018,0 Blk CAMPANERO W
1801309,1/27/2018,1,2018,2200 Blk MARTIN
1808016,6/11/2018,6,2018,0 Blk DUANE
1814873,10/25/2018,10,2018,0 Blk PEACEVINE
1900287,1/6/2019,1,2019,100 Blk SPECKLED ALDER
1900311,1/7/2019,1,2019,0 Blk ELIZABETH LN
1900319,1/7/2019,1,2019,0 Blk PERGOLA
1900325,1/7/2019,1,2019,0 Blk MONROE
1900376,1/8/2019,1,2019,0 Blk WESTON
1900415,1/9/2019,1,2019,2300 Blk WATERMARKE PL
1900431,1/9/2019,1,2019,0 Blk PALATINE
1980325,5/9/2019,5,2019,17100 Blk MILLIKAN
1980333,5/13/2019,5,2019,0 Blk TIDEWATER
1109658,7/9/2011,7,2011,0 Blk GARZONI AISLE
1116398,11/18/2011,11,2011,0 Blk GLENHAVEN LN
1116574,11/22/2011,11,2011,0 Blk IVANHOE
1212606,9/13/2012,9,2012,11200 Blk MIRASOL
1215875,11/16/2012,11,2012,0 Blk DIAMANTE
1308840,7/10/2013,7,2013,0 Blk HIGHLAND VW
1316149,12/19/2013,12,2013,0 Blk BULL RUN
1316167,12/20/2013,12,2013,0 Blk CONSERVANCY
1403407,3/18/2014,3,2014,0 Blk FAITH
1403449,3/19/2014,3,2014,800 Blk QUAIL MEADOW
1407099,6/7/2014,6,2014,0 Blk COMISO
1414004,11/5/2014,11,2014,0 Blk GREENBOUGH
1414021,11/5/2014,11,2014,15200 Blk NORMANDIE AVE
1414080,11/7/2014,11,2014,0 Blk IMPERIALE AISLE
1501311,1/28/2015,1,2015,100 Blk AMBIANCE
1501333,1/29/2015,1,2015,100 Blk PENDIO
1501376,1/30/2015,1,2015,0 Blk DESERT WILLOW
1501440,1/31/2015,1,2015,0 Blk SPLENDOR
1501459,1/31/2015,1,2015,0 Blk OVERBROOK
1504830,4/9/2015,4,2015,0 Blk STRAWBERRY GROVE
1504894,4/10/2015,4,2015,0 Blk LE VANTO
1504881,4/10/2015,4,2015,500 Blk TROPEA AISLE
1505027,4/13/2015,4,2015,400 Blk SANTA LOUISA
1508440,6/13/2015,6,2015,0 Blk FULL MOON
1508593,6/16/2015,6,2015,0 Blk NATIVE TRAILS
1511861,8/18/2015,8,2015,0 Blk OLYMPUS
1511890,8/19/2015,8,2015,900 Blk VENETO
1511921,8/19/2015,8,2015,5200 Blk IRVINE BLVD
1514566,10/10/2015,10,2015,0 Blk CALAIS
1518066,12/14/2015,12,2015,0 Blk DEER TRACK
1518044,12/14/2015,12,2015,200 Blk TROPEA AISLE
1518093,12/15/2015,12,2015,0 Blk SKYWARD
1518101,12/15/2015,12,2015,100 Blk PINEVIEW
1518102,12/15/2015,12,2015,0 Blk ROBINS TREE LN
1518144,12/14/2015,12,2015,200 Blk MURICA AISLE
1518147,12/16/2015,12,2015,0 Blk EASTSHORE
1518211,12/17/2015,12,2015,600 Blk SOLVAY AISLE
1518265,12/18/2015,12,2015,1400 Blk SOLVAY AISLE
1518279,12/18/2015,12,2015,0 Blk SALVIATI AISLE
1602786,2/18/2016,2,2016,0 Blk WATERLEAF
1609973,6/27/2016,6,2016,100 Blk VENETO
1613659,9/6/2016,9,2016,1200 Blk VISIONS
1617200,11/9/2016,11,2016,0 Blk STATUARY
1617211,11/10/2016,11,2016,7000 Blk BARRANCA PKWY
1700945,1/20/2017,1,2017,400 Blk SANTA LOUISA
1704702,4/4/2017,4,2017,0 Blk DISCOVERY
1708357,6/9/2017,6,2017,0 Blk BRENA
1708362,6/9/2017,6,2017,13800 Blk SOLITAIRE WAY
1708363,6/9/2017,6,2017,13800 Blk SOLITAIRE WAY
1715959,11/6/2017,11,2017,300 Blk DEERFIELD
1716017,11/7/2017,11,2017,300 Blk BRONZE
1716071,11/8/2017,11,2017,0 Blk PALATINE
1716072,11/8/2017,11,2017,0 Blk PALATINE
1800937,1/20/2018,1,2018,0 Blk ALTEZZA
1803038,3/2/2018,3,2018,200 Blk GREAT LAWN
1803157,3/4/2018,3,2018,5200 Blk ARCHWAY
1803215,3/5/2018,3,2018,0 Blk LAKEFRONT
1806608,5/14/2018,5,2018,0 Blk ENSUENO E
1806611,5/14/2018,5,2018,2800 Blk KELVIN AVE
1809136,7/3/2018,7,2018,0 Blk RISING SUN
1809236,7/5/2018,7,2018,3300 Blk MICHELSON DR
1809301,7/7/2018,7,2018,200 Blk CULTIVATE
1813126,9/20/2018,9,2018,0 Blk LEE
1815767,11/12/2018,11,2018,0 Blk BLUE SUMMIT
1900682,1/14/2019,1,2019,0 Blk BRINDISI
1900757,1/16/2019,1,2019,3300 Blk MICHELSON DR
1900769,1/16/2019,1,2019,1300 Blk CRESTED BIRD
1900773,1/16/2019,1,2019,200 Blk SAN LEON
1980099,3/8/2019,3,2019,200 Blk PICCOLO
1980101,3/10/2019,3,2019,0 Blk ALTEZZA
1980103,3/11/2019,3,2019,13200 Blk SPECTRUM
1903404,3/9/2019,3,2019,0 Blk ALTEZZA
1980336,5/14/2019,5,2019,4300 Blk PIONEER ST
1980338,5/14/2019,5,2019,15200 Blk MONTPELLIER AVE
1980340,5/15/2019,5,2019,100 Blk FIXIE
1980346,5/16/2019,5,2019,0 Blk MIDDLEBURY LN
1102024,2/10/2011,2,2011,900 Blk SOMERVILLE
1112938,9/11/2011,9,2011,0 Blk APPLEGLEN DR
1201413,1/30/2012,1,2012,0 Blk THORN HILL
1201469,1/31/2012,1,2012,0 Blk S SANTA TERESITA
1212155,9/5/2012,9,2012,100 Blk TAROCCO
1305022,4/23/2013,4,2013,0 Blk WATER LILY
1305020,4/23/2013,4,2013,0 Blk PALATINE
1308725,7/8/2013,7,2013,100 Blk MARBLEHEAD
1410382,8/18/2014,8,2014,6100 Blk MIRASOL
1410556,8/22/2014,8,2014,500 Blk WYCLIFFE
1414278,11/12/2014,11,2014,0 Blk E YALE LOOP
1503554,3/13/2015,3,2015,0 Blk COLERIDGE
1503695,3/16/2015,3,2015,0 Blk ACORN GLEN
1507156,5/22/2015,5,2015,0 Blk DEWEY
1514779,10/14/2015,10,2015,3200 Blk LADRILLO AISLE
1514802,10/14/2015,10,2015,300 Blk BERKSHIRE
1514839,10/15/2015,10,2015,500 Blk CANTOR
1514844,10/15/2015,10,2015,0 Blk MORNINGDALE
1518289,12/18/2015,12,2015,700 Blk LAS PALMAS
1518296,12/18/2015,12,2015,0 Blk CHOATE
1518319,12/19/2015,12,2015,0 Blk SALVO
1518415,12/21/2015,12,2015,0 Blk GRAMERCY
1518445,12/22/2015,12,2015,0 Blk CLAY
1518482,12/22/2015,12,2015,600 Blk SIMPLICITY
1603325,2/27/2016,2,2016,0 Blk CAMPANERO E
1603372,2/28/2016,2,2016,0 Blk PHOTINIA
1606971,5/4/2016,5,2016,4300 Blk VALE ST
1607072,5/5/2016,5,2016,0 Blk SPLENDOR
1607096,5/6/2016,5,2016,0 Blk AVONDALE
1607111,5/6/2016,5,2016,100 Blk CONFEDERATION WAY
1618304,12/2/2016,12,2016,17500 Blk NEWARK CIR
1702037,2/10/2017,2,2017,0 Blk REVERE
1705616,4/21/2017,4,2017,0 Blk OROVILLE
1705633,4/21/2017,4,2017,100 Blk STANFORD
1705700,4/22/2017,4,2017,0 Blk LINHAVEN
1705751,4/23/2017,4,2017,0 Blk CHANTILLY
1705779,4/24/2017,4,2017,300 Blk SAN LEON
1710864,7/28/2017,7,2017,0 Blk SHARPSBURG
1714032,9/29/2017,9,2017,100 Blk CORNELL
1717050,11/29/2017,11,2017,0 Blk GABLES
1717151,12/1/2017,12,2017,100 Blk BRAMBLES
1801830,2/6/2018,2,2018,0 Blk GILLMAN ST
1801916,2/8/2018,2,2018,100 Blk BREAKWATER
1801925,2/8/2018,2,2018,100 Blk DAMSEL
1801969,2/10/2018,2,2018,0 Blk ASBURY
1801985,2/10/2018,2,2018,100 Blk VELVETLEAF
1804794,4/6/2018,4,2018,16800 Blk JAMBOREE RD
1808079,6/12/2018,6,2018,0 Blk DELAMESA W
1815075,10/29/2018,10,2018,0 Blk HARVEST
1815234,11/1/2018,11,2018,400 Blk ORANGE BLOSSOM
1815243,11/1/2018,11,2018,3400 Blk LADRILLO AISLE
1815249,11/1/2018,11,2018,0 Blk CRABAPPLE
1900464,1/10/2019,1,2019,100 Blk SALMON
1900512,1/11/2019,1,2019,0 Blk HUCKLEBERRY
1900520,1/11/2019,1,2019,200 Blk MAGNET
1900669,1/14/2019,1,2019,4000 Blk LOMA ST
1900672,1/14/2019,1,2019,0 Blk CORTLAND
1903918,3/22/2019,3,2019,3300 Blk MICHELSON DR
1980140,3/21/2019,3,2019,0 Blk OXFORD
1980358,5/21/2019,5,2019,4900 Blk IRVINE BLVD
1980361,5/21/2019,5,2019,1200 Blk SPECTRUM
1112465,9/1/2011,9,2011,100 Blk TOPAZ
1112500,9/2/2011,9,2011,0 Blk WINTERFIELD RD
1205079,4/16/2012,4,2012,0 Blk DEL LIVORNO
1212234,9/6/2012,9,2012,0 Blk FILLMORE
1212259,9/7/2012,9,2012,2500 Blk MAIN ST
1216142,11/24/2012,11,2012,0 Blk STOWE
1216278,11/27/2012,11,2012,3200 Blk SPECTRUM
1301884,2/14/2013,2,2013,0 Blk BUCKEYE
1301732,2/9/2013,2,2013,13200 Blk JAMBOREE
1313205,10/12/2013,10,2013,0 Blk NIGHT BLOOM
1400502,1/13/2014,1,2014,0 Blk APRILLA
1407845,6/23/2014,6,2014,0 Blk DEER CRK
1414878,11/25/2014,11,2014,500 Blk CARDIFF
1414902,11/26/2014,11,2014,5000 Blk ALTON PKWY
1414925,11/26/2014,11,2014,0 Blk ROCKWREN
1414927,11/26/2014,11,2014,0 Blk NEW JERSEY
1501931,2/9/2015,2,2015,0 Blk VIA LUCCA
1505786,4/27/2015,4,2015,0 Blk STONEWOOD
1505795,4/27/2015,4,2015,0 Blk ROSE ARCH
1505822,4/28/2015,4,2015,0 Blk TIMBERLINE
1505896,4/29/2015,4,2015,100 Blk FIREFLY
1509377,7/1/2015,7,2015,300 Blk SILK TREE
1509395,7/2/2015,7,2015,0 Blk APPOMATTOX
1516728,11/19/2015,11,2015,4100 Blk REYES ST
1612553,8/15/2016,8,2016,1300 Blk ESPERANZA
1615963,10/17/2016,10,2016,0 Blk DARLINGTON
1619703,12/30/2016,12,2016,100 Blk WILLOWBEND
1619707,12/30/2016,12,2016,100 Blk W YALE LOOP
1619717,12/30/2016,12,2016,0 Blk CRESTHAVEN
1700011,1/1/2017,1,2017,0 Blk GOLDENGLOW ST
1700114,1/3/2017,1,2017,22300 Blk ANSEL
1703633,3/14/2017,3,2017,0 Blk WHITE BLOSSOM
1707187,5/19/2017,5,2017,200 Blk SHELBOURNE
1707197,5/19/2017,5,2017,1100 Blk QUAIL RDG
1707244,5/20/2017,5,2017,100 Blk RODEO
1707256,5/20/2017,5,2017,100 Blk ALMADOR
1707329,5/22/2017,5,2017,17300 Blk VIRTUOSO
1707346,5/22/2017,5,2017,0 Blk PALATINE
1710505,7/21/2017,7,2017,700 Blk CANTOR
1713667,9/22/2017,9,2017,100 Blk WALKINGSTICK
1801663,2/3/2018,2,2018,3500 Blk MYRTLE ST
1801678,2/3/2018,2,2018,19300 Blk TELMO
1801776,2/5/2018,2,2018,0 Blk CACTUS FLOWER
1801777,2/6/2018,2,2018,0 Blk ACORN GLEN
1801786,2/5/2018,2,2018,100 Blk MOUNTAIN VIOLET
1805613,4/24/2018,4,2018,0 Blk SANTA CATALINA AISLE
1805634,4/24/2018,4,2018,10200 Blk PINTADO
1808904,6/29/2018,6,2018,300 Blk DURANZO AISLE
1808921,6/29/2018,6,2018,0 Blk SORRENTO
1808922,6/29/2018,6,2018,3300 Blk MICHELSON DR
1812221,9/2/2018,9,2018,100 Blk MONGOOSE
1812353,9/5/2018,9,2018,0 Blk GEORGETOWN
1812387,9/5/2018,9,2018,100 Blk OUTWEST
1815537,11/7/2018,11,2018,100 Blk BODA
1900870,1/18/2019,1,2019,0 Blk BEARPAW
1900922,1/19/2019,1,2019,100 Blk VELVET FLOWER
1900959,1/20/2019,1,2019,200 Blk ROSE ARCH
1900971,1/20/2019,1,2019,200 Blk PORTICO AISLE
1900977,1/20/2019,1,2019,100 Blk MURICA AISLE
1901009,1/21/2019,1,2019,3200 Blk TELMO
1901064,1/22/2019,1,2019,100 Blk CORDIAL
1901062,1/22/2019,1,2019,100 Blk AUGUSTINE
1980157,3/26/2019,3,2019,16300 Blk PINTADO
1904118,3/27/2019,3,2019,600 Blk TURTLE CREST DR
1980367,5/25/2019,5,2019,0 Blk SHELBY
1980370,5/26/2019,5,2019,200 Blk CULTIVATE
